source_text,translated_text,context
Our Menu,المنيو,
Discover our selection of authentic Italian dishes,اكتشف تشكيلتنا من أشهى المأكولات الإيطالية,
All,الكل,
About Us,من نحن,
🕯️ Welcome to Candela!,🕯️ أهلاً بك في كانديلا!,
Candela is your complete restaurant management platform. Let's walk through everything it can do!,كانديلا هي منصتك المتكاملة لإدارة المطاعم. دعنا نستعرض كل ما يمكنها فعله!,
Menu,القائمة,
Create and manage your full menu with categories items ingredients dietary tags and pricing,أنشئ وأدر قائمة طعامك الكاملة بالأصناف والمكونات والعلامات الغذائية والأسعار,
Orders,الطلبات,
Take orders via POS terminal or online website — both flow into the same kitchen queue,استقبل الطلبات عبر نقطة البيع أو الموقع — كلاهما يصل لشاشة المطبخ,
Reservations,الحجوزات,
Customers book tables online — you manage availability and send confirmations,يحجز العملاء طاولاتهم أونلاين — وأنت تدير التوفر وترسل التأكيدات,
Kitchen,المطبخ,
Real-time kitchen display shows incoming orders organized by station,شاشة المطبخ تعرض الطلبات فوراً مرتبة حسب المحطة,
Inventory,المخزون,
Track ingredients create purchase requests receive goods do stock counts,تتبع المكونات وأنشئ طلبات الشراء واستلم البضائع وقم بالجرد,
Reports,التقارير,
Sales analysis food cost reports reservation analytics staff performance,تحليل المبيعات وتقارير تكلفة الطعام وتحليلات الحجوزات وأداء الموظفين,
DocType Relationships,علاقات المستندات,
"Here's how all the data in Candela connects together:",هكذا تترابط جميع البيانات في كانديلا:,
Core Workflow,سير العمل الأساسي,
"The typical flow from customer to cash register:",المسار النموذجي من العميل إلى الكاشير:,
Customer makes a reservation or places an order online,العميل يحجز طاولة أو يطلب أونلاين,
Order appears in kitchen display organized by station,الطلب يظهر في شاشة المطبخ مرتباً حسب المحطة,
Chef prepares food marks production log with ingredients used,الشيف يحضّر الطعام ويسجل المكونات المستخدمة,
Stock is automatically deducted from inventory,المخزون يُخصم تلقائياً,
Cashier creates POS invoice and processes payment,الكاشير ينشئ فاتورة نقطة البيع ويعالج الدفع,
Manager reviews daily closing report,المدير يراجع تقرير الإقفال اليومي,
Your Permissions,صلاحياتك,
"Candela uses role-based access control with CAPS (Capability Access Permission System):",كانديلا تستخدم نظام صلاحيات CAPS القائم على الأدوار:,
Role,الدور,
Can Access,يمكنه الوصول إلى,
Manager,المدير,
"Everything — settings reports approvals staff management",كل شيء — الإعدادات والتقارير والموافقات وإدارة الموظفين,
Chef,الشيف,
"Kitchen display production logs recipes ingredient stock levels",شاشة المطبخ وسجلات الإنتاج والوصفات ومستويات المخزون,
Waiter,النادل,
"Table map POS reservations customer notes",خريطة الطاولات ونقطة البيع والحجوزات وملاحظات العملاء,
Cashier,الكاشير,
"POS terminal shift management daily expenses",نقطة البيع وإدارة الورديات والمصروفات اليومية,
Procurement,المشتريات,
"Purchase requests/orders suppliers goods receipt inventory",طلبات الشراء والموردين واستلام البضائع والمخزون,
Marketing,التسويق,
"Campaigns promo codes reviews newsletter events",الحملات وأكواد العروض والتقييمات والنشرة والفعاليات,
Getting Help,الحصول على مساعدة,
"You can always access help from anywhere in Candela:",يمكنك الوصول للمساعدة من أي مكان في كانديلا:,
Form Help,مساعدة النموذج,
"Click the ❓ button on any form's toolbar to see context-specific guidance",انقر زر ❓ في شريط أدوات أي نموذج لعرض إرشادات سياقية,
Onboarding,دليل البدء,
"Visit /candela-onboarding anytime to review this guide",زر /candela-onboarding في أي وقت لمراجعة هذا الدليل,
About Page,صفحة عن التطبيق,
"Visit /candela-about for the full app showcase with diagrams",زر /candela-about لعرض كامل التطبيق مع المخططات,
Start Using Candela,ابدأ استخدام كانديلا,
← Previous,← السابق,
Next →,التالي →,
User Management,إدارة المستخدمين,
Search users...,ابحث عن مستخدمين...,
Select a user from the list,اختر مستخدماً من القائمة,
Candela Roles,أدوار كانديلا,
Active Capabilities,الصلاحيات الفعالة,
Permission Map,خريطة الصلاحيات,
No CAPS capabilities assigned,لا توجد صلاحيات CAPS مخصصة,
CAPS not available,نظام CAPS غير متوفر,
Removed {0},تم إزالة {0},
Added {0},تم إضافة {0},
Error updating role: {0},خطأ في تحديث الدور: {0},
❓ Help,❓ مساعدة,
Help: {0},مساعدة: {0},
No help available for this topic yet.,لا تتوفر مساعدة لهذا الموضوع حالياً.,
Candela Onboarding,دليل بدء كانديلا,
{0} Guide,دليل {0},
About Candela Restaurant,عن مطعم كانديلا,
User Management — Candela,إدارة المستخدمين — كانديلا,
Login required,تسجيل الدخول مطلوب,
Not permitted,غير مسموح,
Manager Dashboard,لوحة تحكم المدير,
Staff Management,إدارة الموظفين,
Daily Closing,الإقفال اليومي,
Procurement Approvals,موافقات المشتريات,
Kitchen Display,شاشة المطبخ,
Production Logging,تسجيل الإنتاج,
Stock Alerts,تنبيهات المخزون,
Table Map,خريطة الطاولات,
POS Terminal,نقطة البيع,
POS Shift,وردية نقطة البيع,
Daily Expenses,المصروفات اليومية,
Purchase Flow,مسار الشراء,
Suppliers,الموردين,
Warehouses,المستودعات,
Campaigns,الحملات,
Promo Codes,أكواد العروض,
Reviews,التقييمات,
Candela Settings,إعدادات كانديلا,
Opening Hours,ساعات العمل,
Menu Items,أصناف القائمة,
Pricing,التسعير,
Status Flow,مسار الحالة,
Online Orders,الطلبات الإلكترونية,
Kitchen Integration,ربط المطبخ,
POS Invoices,فواتير نقطة البيع,
Stock Entries,حركات المخزون,
Kitchen Stations,محطات المطبخ,
A story of authentic Italian passion in the heart of Cairo,قصة شغف إيطالي أصيل في قلب القاهرة,
Our Story,قصتنا,
Our Values,قيمنا,
Fresh Ingredients,مكونات طازجة,
We select the finest fresh ingredients daily to ensure the highest quality,نختار أفضل المكونات الطازجة يومياً لضمان أعلى جودة,
Expert Chefs,طهاة محترفون,
A team of expert chefs with experience in authentic Italian cuisine,فريق من الطهاة المحترفين ذوي الخبرة في المطبخ الإيطالي الأصيل,
Made with Love,صنع بحب,
Every dish is prepared with passion and meticulous care,كل طبق يتم إعداده بشغف وعناية فائقة,
Opening Hours,ساعات العمل,
Gallery,معرض الصور,
Glimpses of our ambiance and dishes,لمحات من أجوائنا وأطباقنا,
Food,الطعام,
Interior,الداخل,
Events,الفعاليات,
Kitchen,المطبخ,
Exterior,الخارج,
Reserve a Table,حجز طاولة,
Book your table and enjoy an unforgettable dining experience,احجز طاولتك واستمتع بتجربة طعام لا تُنسى,
Full Name,الاسم الكامل,
Phone Number,رقم الهاتف,
Email,البريد الإلكتروني,
Date,التاريخ,
Time,الوقت,
Number of Guests,عدد الأشخاص,
Occasion,المناسبة,
Birthday,عيد ميلاد,
Anniversary,ذكرى زواج,
Business,عمل,
Date Night,سهرة رومانسية,
Other,أخرى,
Seating Preference,تفضيل الجلسة,
No Preference,بدون تفضيل,
Indoor,داخلي,
Outdoor,خارجي,
Private Room,غرفة خاصة,
Bar,البار,
Special Requests,طلبات خاصة,
Confirm Reservation,تأكيد الحجز,
Reservation Confirmed!,تم الحجز بنجاح!,
We will contact you shortly to confirm your reservation.,سنتواصل معك قريباً لتأكيد الحجز,
Back to Home,العودة للرئيسية,
Discover our upcoming events and reserve your spot,اكتشف فعالياتنا القادمة واحجز مقعدك,
Book Now,احجز الآن,
No upcoming events at the moment. Stay tuned!,لا توجد فعاليات قادمة حالياً. تابعنا للمزيد!,
Order Online,اطلب أونلاين,
Choose your favorite dishes for delivery or pickup,اختر أطباقك المفضلة واطلبها للتوصيل أو الاستلام,
Online ordering is not available yet,الطلب أونلاين غير متاح حالياً,
Contact us directly to place an order,تواصل معنا مباشرة للطلب,
Delivery,توصيل,
Pickup,استلام,
Your Order,سلة الطلب,
Your cart is empty,السلة فارغة,
Delivery Zone,منطقة التوصيل,
Select zone,اختر المنطقة,
Promo Code,كود خصم,
Enter code,أدخل الكود,
Apply,تطبيق,
Subtotal,المجموع الفرعي,
Delivery Fee,رسوم التوصيل,
Discount,خصم,
Total,الإجمالي,
Name,الاسم,
Phone,رقم الهاتف,
Delivery Address,عنوان التوصيل,
Notes (optional),ملاحظات (اختياري),
Place Order,تأكيد الطلب,
Order Placed!,تم الطلب بنجاح!,
Track Order,تتبع الطلب,
Track Your Order,تتبع الطلب,
Tracking Token,رمز التتبع,
Enter your tracking token,أدخل رمز التتبع,
Track,تتبع,
Pending,في الانتظار,
Confirmed,مؤكد,
Preparing,قيد التحضير,
Ready,جاهز,
Out for Delivery,في الطريق,
Delivered,تم التوصيل,
Order Details,تفاصيل الطلب,
Order Not Found,لم يتم العثور على الطلب,
Please check your tracking token and try again.,تأكد من رمز التتبع وحاول مرة أخرى,
Contact Us,تواصل معنا,
We would love to hear from you,نسعد بتواصلكم معنا,
Contact Information,معلومات التواصل,
Address,العنوان,
WhatsApp,واتساب,
View Full Menu,عرض المنيو الكامل,
Featured Menu,قائمة مميزة,
What Our Guests Say,ماذا يقول ضيوفنا,
Upcoming Events,الفعاليات القادمة,
Subscribe to Newsletter,اشترك في النشرة البريدية,
Enter your email,أدخل بريدك الإلكتروني,
Subscribe,اشترك,
Home,الرئيسية,
Menu,المنيو,
About,من نحن,
Contact,تواصل معنا,
Reservation,الحجز,
New,جديد,
Bestseller,الأكثر مبيعاً,
View Website,عرض الموقع,
Candela Admin Dashboard,لوحة إدارة كانديلا,
Pending Reservations,حجوزات معلقة,
Active Orders,طلبات نشطة,
Menu Items,أطباق في المنيو,
Pending Reviews,مراجعات معلقة,
Reservations,الحجوزات,
Manage table reservations,إدارة حجوزات الطاولات,
Orders,الطلبات,
Manage online orders,إدارة الطلبات أونلاين,
Manage menu items,إدارة أصناف المنيو,
Reviews,المراجعات,
Approve customer reviews,الموافقة على مراجعات العملاء,
Manage events,إدارة الفعاليات والأحداث,
Settings,الإعدادات,
Candela settings,إعدادات كانديلا,
Saturday,السبت,
Sunday,الأحد,
Monday,الاثنين,
Tuesday,الثلاثاء,
Wednesday,الأربعاء,
Thursday,الخميس,
Friday,الجمعة,
Closed,مغلق,
EGP,ج.م,
person,شخص,
people,أشخاص,
Optional,اختياري,
Enter your name,أدخل اسمك,
Any special requests...,أي طلبات خاصة...,
Submitting...,جاري الحجز...,
An error occurred. Please try again.,حدث خطأ، حاول مرة أخرى,
added,تمت الإضافة,
Discount applied,تم تطبيق الخصم,
Invalid code,كود غير صالح,
Please enter name and phone,يرجى إدخال الاسم ورقم الهاتف,
Please enter delivery address,يرجى إدخال عنوان التوصيل,
No menu items available yet.,لا توجد أطباق متاحة حالياً,
No gallery images yet.,لا توجد صور حالياً,
For inquiries contact us,للاستفسار تواصل معنا,
Quick Links,روابط سريعة,
Follow Us,تابعنا,
All Rights Reserved,جميع الحقوق محفوظة,
Made with ❤️ by Arkan Labs,صنع بـ ❤️ بواسطة أركان لابز,
{0} demo records removed,تم حذف {0} سجل تجريبي,
Auto-generated from low stock alert,تم إنشاؤه تلقائياً من تنبيه نقص المخزون,
Below minimum stock: {0} {1},أقل من الحد الأدنى للمخزون: {0} {1},
Demo data is already installed.,البيانات التجريبية مثبتة مسبقاً,
⚠️ Food cost {0}% exceeds target {1}%,⚠️ تكلفة الطعام {0}% تتجاوز الهدف {1}%,
Invalid promo code,كود خصم غير صالح,
Invoice must contain at least one item,يجب أن تحتوي الفاتورة على صنف واحد على الأقل,
⚠️ Low stock: {0} — needed {1} {2} available {3},⚠️ نقص مخزون: {0} — مطلوب {1} {2} متاح {3},
Maximum party size is {0},الحد الأقصى لعدد الأشخاص هو {0},
Menu item not found,لم يتم العثور على الصنف,
Newsletter is currently disabled,النشرة البريدية معطلة حالياً,
No demo data to remove.,لا توجد بيانات تجريبية للحذف,
Not specified,غير محدد,
Online Order {0} not found,لم يتم العثور على الطلب أونلاين {0},
Online ordering is currently disabled,الطلب أونلاين معطل حالياً,
Order must contain at least one item,يجب أن يحتوي الطلب على صنف واحد على الأقل,
Order not found,لم يتم العثور على الطلب,
Order placed successfully!,تم الطلب بنجاح!,
POS Invoice {0} not found,لم يتم العثور على فاتورة نقطة البيع {0},
📝 Price change logged: {0} → {1} ({2}%),📝 تم تسجيل تغيير السعر: {0} → {1} ({2}%),
Promo code applied!,تم تطبيق كود الخصم!,
Reservations are currently disabled,الحجوزات معطلة حالياً,
Reservation submitted successfully!,تم إرسال الحجز بنجاح!,
Reviews are currently disabled,المراجعات معطلة حالياً,
Scheduled preventive maintenance for {0},صيانة وقائية مجدولة لـ {0},
Shift is not open,الوردية ليست مفتوحة,
Successfully subscribed!,تم الاشتراك بنجاح!,
Table {0} not found,لم يتم العثور على الطاولة {0},
Thank you for your review! It will be published after approval.,شكراً لمراجعتك! سيتم نشرها بعد الموافقة,
This promo code has expired,كود الخصم منتهي الصلاحية,
This promo code has reached its usage limit,كود الخصم وصل إلى الحد الأقصى للاستخدام,
This promo code is no longer active,كود الخصم لم يعد فعالاً,
This promo code is not yet valid,كود الخصم غير صالح بعد,
You already have an open shift: {0}. Close it first.,لديك وردية مفتوحة بالفعل: {0}. أغلقها أولاً,
You are already subscribed!,أنت مشترك بالفعل!,
Procurement,المشتريات,
Warehouses,المستودعات,
Production,الإنتاج,
Shifts,الورديات,
Daily Closing,الإقفال اليومي,
Assets,الأصول,
Marketing,التسويق,
Inventory,المخزون,
Staff,الموظفون,
Reports,التقارير,
Kitchen Display,عرض المطبخ,
Table Management,إدارة الطاولات,
POS Terminal,نقطة البيع,
Admin Dashboard,لوحة الإدارة,
Purchase Request,طلب شراء,
Purchase Order,أمر شراء,
Goods Receipt Note,إشعار استلام بضاعة,
Candela Supplier,مورد كانديلا,
Candela Warehouse,مستودع كانديلا,
Stock Transfer,تحويل مخزون,
Stock Reconciliation,جرد المخزون,
Kitchen Station,محطة مطبخ,
Production Log,سجل إنتاج,
Production Waste,هدر إنتاج,
POS Shift,وردية نقطة البيع,
Daily Expense,مصروف يومي,
Price Change Log,سجل تغيير الأسعار,
Restaurant Asset,أصل مطعم,
Maintenance Request,طلب صيانة,
Customer Persona,شخصية عميل,
Service Mode,نمط الخدمة,
Influencer,مؤثر,
Influencer Visit,زيارة مؤثر,
Corporate Account,حساب شركات,
Corporate Lunch Package,باقة غداء شركات,
Marketing Campaign,حملة تسويقية,
Campaign Activity,نشاط حملة,
Content Calendar Entry,إدخال تقويم المحتوى,
Online Review,مراجعة أونلاين,
Cafe Amenity,مرفق مقهى,
Competitor,منافس,
Staff Member,عضو فريق,
Chef Profile,ملف الشيف,
Restaurant Section,قسم المطعم,
Restaurant Event,فعالية المطعم,
Gift Card,بطاقة هدية,
Private Dining Package,باقة عشاء خاصة,
Gallery Image,صورة المعرض,
Newsletter Subscriber,مشترك النشرة البريدية,
Stock Entry,حركة مخزون,
Menu Category,فئة المنيو,
Menu Item,صنف المنيو,
Table Reservation,حجز طاولة,
Online Order,طلب أونلاين,
POS Invoice,فاتورة نقطة البيع,
Customer Review,مراجعة عميل,
Restaurant Table,طاولة مطعم,
Candela Settings,إعدادات كانديلا,
Delivery Zone,منطقة التوصيل,
Promo Code,كود خصم,
Ingredient,مكون,
Order Item,صنف الطلب,
Opening Hours,ساعات العمل,
Recipe Item,مكون الوصفة,
Reconciliation Item,بند الجرد,
GRN Item,بند الاستلام,
Purchase Request Item,بند طلب الشراء,
Purchase Order Item,بند أمر الشراء,
Stock Transfer Item,بند تحويل المخزون,
POS Invoice Item,بند فاتورة نقطة البيع,
Staff Shift,وردية الموظف,
Candela Manager,مدير كانديلا,
Candela Staff,موظف كانديلا,
Candela Chef,شيف كانديلا,
Candela Cashier,كاشير كانديلا,
Candela Waiter,ويتر كانديلا,
Candela Procurement,مشتريات كانديلا,
Candela Marketing,تسويق كانديلا,
Open Shift,فتح الوردية,
Close Shift,إغلاق الوردية,
Create Invoice,إنشاء فاتورة,
Approve,الموافقة,
Reject,رفض,
Submit,إرسال,
Cancel,إلغاء,
Delete,حذف,
Edit,تعديل,
Save,حفظ,
Print,طباعة,
Export,تصدير,
Import,استيراد,
Filter,فلترة,
Search,بحث,
Refresh,تحديث,
Loading,جاري التحميل,
No data,لا توجد بيانات,
Error,خطأ,
Success,نجاح,
Warning,تحذير,
Active,نشط,
Inactive,غير نشط,
Draft,مسودة,
Approved,موافق عليه,
Rejected,مرفوض,
Completed,مكتمل,
Cancelled,ملغي,
In Progress,قيد التنفيذ,
Overdue,متأخر,
Urgent,عاجل,
High,مرتفع,
Medium,متوسط,
Low,منخفض,
Today,اليوم,
Yesterday,أمس,
This Week,هذا الأسبوع,
This Month,هذا الشهر,
Last Month,الشهر الماضي,
Total Sales,إجمالي المبيعات,
Total Orders,إجمالي الطلبات,
Total Revenue,إجمالي الإيرادات,
Average Order Value,متوسط قيمة الطلب,
Food Cost Percentage,نسبة تكلفة الطعام,
Net Profit,صافي الربح,
Gross Profit,إجمالي الربح,
Expenses,المصروفات,
Revenue,الإيرادات,
Quantity,الكمية,
Unit,الوحدة,
Rate,السعر,
Amount,المبلغ,
Tax,الضريبة,
Grand Total,الإجمالي الكلي,
Status,الحالة,
Date,التاريخ,
Time,الوقت,
Description,الوصف,
Category,الفئة,
Priority,الأولوية,
Assigned To,مسند إلى,
Created By,أنشئ بواسطة,
Modified By,عدل بواسطة,
Creation,تاريخ الإنشاء,
Last Modified,آخر تعديل,
Candela Restaurant,مطعم كانديلا,
Italian Café & Restaurant,مقهى ومطعم إيطالي,
Arkan Labs,أركان لابز,
View Dashboard,عرض لوحة المعلومات,
Manage Menu,إدارة المنيو,
Manage Reservations,إدارة الحجوزات,
Manage Orders,إدارة الطلبات,
Operate POS,تشغيل نقطة البيع,
Manage Kitchen,إدارة المطبخ,
Manage Tables,إدارة الطاولات,
Manage Procurement,إدارة المشتريات,
Approve Purchases,الموافقة على المشتريات,
Manage Stock,إدارة المخزون,
Manage Production,إدارة الإنتاج,
Manage Marketing,إدارة التسويق,
Manage Assets,إدارة الأصول,
Manage Staff,إدارة الموظفين,
View Reports,عرض التقارير,
Export Reports,تصدير التقارير,
Manage Settings,إدارة الإعدادات,
View Cost Data,عرض بيانات التكلفة,
Manage Reviews,إدارة المراجعات,
Manage Website,إدارة الموقع,
@Handle,المعرف,
"A complete restaurant operations platform covering menu management, table reservations, online ordering, POS, kitchen display, procurement, inventory, production tracking, staff management, marketing campaigns, and a stunning customer-facing website.","منصة شاملة لإدارة عمليات المطاعم تغطي إدارة القائمة وحجوزات الطاولات والطلبات الإلكترونية ونقطة البيع وشاشة المطبخ والمشتريات والمخزون وتتبع الإنتاج وإدارة الموظفين والحملات التسويقية وموقع إلكتروني مذهل.",
About Image,صورة من نحن,
About Section,قسم من نحن,
About Text (Arabic),نص من نحن (عربي),
About Text (English),نص من نحن (إنجليزي),
About Title (Arabic),عنوان من نحن (عربي),
About Title (English),عنوان من نحن (إنجليزي),
Abu Dhabi,أبو ظبي,
Active Days,الأيام النشطة,
Actual Delivery Time,وقت التسليم الفعلي,
Actual Prep Time (min),وقت التحضير الفعلي (دقيقة),
Ad,إعلان,
Add Staff,إضافة موظف,
Address (Arabic),العنوان (عربي),
Address (English),العنوان (إنجليزي),
Adjusted,مُعدَّل,
Adjustment,تعديل,
Advance Booking (days),الحجز المسبق (أيام),
Age Range,الفئة العمرية,
Ajman,عجمان,
All rights reserved.,جميع الحقوق محفوظة.,
Ambiance Settings,إعدادات الأجواء,
Amenity Name (Arabic),اسم المرفق (عربي),
Analysis,تحليل,
Approved Date,تاريخ الموافقة,
"As a manager, your home is the Admin Dashboard at /deladmin. Here you see today's reservations, order count, revenue, and alerts.","كمدير، لوحة التحكم في /deladmin هي صفحتك الرئيسية. هنا ترى حجوزات اليوم وعدد الطلبات والإيرادات والتنبيهات.",
Asset Code,رمز الأصل,
Assigned Chef,الشيف المُكلَّف,
Assigned Table,الطاولة المُعيَّنة,
Assigned Tables,الطاولات المُعيَّنة,
Assigned To (Technician),مُعيَّن إلى (الفني),
"At end of day, visit /deladmin/closing to reconcile POS totals, record expenses, and generate the daily report.","في نهاية اليوم، زر /deladmin/closing لمطابقة إجماليات نقطة البيع وتسجيل المصروفات وإنشاء التقرير اليومي.",
Audit,تدقيق,
Audit Notes,ملاحظات التدقيق,
Audited,مُدقَّق,
Audited By,دُقِّق بواسطة,
Auto-Confirm Reservations,تأكيد الحجوزات تلقائياً,
Available for Delivery,متاح للتوصيل,
Avatar,الصورة الشخصية,
Avg Order Value,متوسط قيمة الطلب,
Bakery,المخبز,
Bank Deposit,إيداع بنكي,
Banner Text (Arabic),نص البانر (عربي),
Banner Text (English),نص البانر (إنجليزي),
Barista,باريستا,
Bartender,بارتندر,
Behavior,السلوك,
Beverages,المشروبات,
Blog,مدونة,
Booking Link,رابط الحجز,
"Booking patterns, no-show rates, peak hours, table utilization.","أنماط الحجز ونسب عدم الحضور وساعات الذروة واستغلال الطاولات.",
Brand / Model,الماركة / الموديل,
Brand Colors,ألوان العلامة التجارية,
Branding,الهوية البصرية,
Bright,ساطع,
Build Your Menu,أنشئ قائمتك,
Burnt,محترق,
CAST-.YYYY.-.#####,CAST-.YYYY.-.#####,
CCA-.YYYY.-.#####,CCA-.YYYY.-.#####,
CCMP-.YYYY.-.#####,CCMP-.YYYY.-.#####,
CDC-.YYYY.-.#####,CDC-.YYYY.-.#####,
CGRN-.YYYY.-.#####,CGRN-.YYYY.-.#####,
CMNT-.YYYY.-.#####,CMNT-.YYYY.-.#####,
CORD-.YYYY.-.#####,CORD-.YYYY.-.#####,
CPR-.YYYY.-.#####,CPR-.YYYY.-.#####,
CPROD-.YYYY.-.#####,CPROD-.YYYY.-.#####,
CREC-.YYYY.-.#####,CREC-.YYYY.-.#####,
CREV-.YYYY.-.#####,CREV-.YYYY.-.#####,
CSHIFT-.YYYY.-.#####,CSHIFT-.YYYY.-.#####,
CSTX-.YYYY.-.#####,CSTX-.YYYY.-.#####,
CafeOrCoffeeShop,مقهى,
Café & Coffee Shop,مقهى وكوفي شوب,
Calories,السعرات الحرارية,
Campaign management and activity tracking,إدارة الحملات وتتبع الأنشطة,
"Campaigns, promo codes, reviews, newsletter, events","الحملات والأكواد الترويجية والتقييمات والنشرة البريدية والفعاليات",
Can Combine,قابل للدمج,
Candela,كانديلا,
Candela Domain,نطاق كانديلا,
Candela adapts to different food service businesses:,كانديلا تتكيف مع مختلف أنواع خدمات الطعام:,
Candela connects with the Arkan Lab ecosystem:,كانديلا تتكامل مع منظومة أركان لاب:,
"Candela is organized into 8 functional modules, each with dedicated DocTypes and workflows:","كانديلا منظمة في 8 وحدات وظيفية، لكل منها أنواع مستندات وسير عمل مخصصة:",
Candela uses CAPS for fine-grained permissions with 21 capabilities across 6 bundles:,كانديلا تستخدم CAPS للصلاحيات الدقيقة مع 21 صلاحية عبر 6 حزم:,
Card Collected,البطاقات المُحصَّلة,
Cash Collected,النقد المُحصَّل,
Cash Expenses,المصروفات النقدية,
Cash Position,الوضع النقدي,
Cash Received,النقد المستلم,
Cash Variance,فرق النقدية,
Cash on Delivery,الدفع عند الاستلام,
Category Name (Arabic),اسم الفئة (عربي),
Category Name (English),اسم الفئة (إنجليزي),
Category Name (Italian),اسم الفئة (إيطالي),
Catering,تموين,
Celebrity,مشهور,
Central configuration for Candela Restaurant website and operations.,الإعدادات المركزية لموقع وعمليات مطعم كانديلا.,
Chain,سلسلة,
Change %,نسبة التغيير,
Changed At,تاريخ التغيير,
Changed By,غُيِّر بواسطة,
Channels,القنوات,
Check today's reservations. Greet customers by name and seat them at their reserved table.,تحقق من حجوزات اليوم. رحب بالعملاء بأسمائهم وأجلسهم على طاولاتهم المحجوزة.,
Chef / Kitchen Staff,الشيف / طاقم المطبخ,
"Chef prepares food, marks production log with ingredients used","الشيف يحضّر الطعام ويسجّل المكونات المستخدمة في سجل الإنتاج",
Cleaning,تنظيف,
Close Time,وقت الإغلاق,
Closing Cash,النقد عند الإغلاق,
Closing Time,وقت الإقفال,
Cold Line,خط بارد,
Cold Storage,تخزين مبرد,
Collections,التحصيلات,
"Comma-separated table numbers, e.g. T1, T2, T3","أرقام الطاولات مفصولة بفواصل، مثال: T1, T2, T3",
Company TRN,الرقم الضريبي للشركة,
Configure Operations,تهيئة العمليات,
Configure Settings,تهيئة الإعدادات,
Confirmation Method,طريقة التأكيد,
Confirmation Sent,تم إرسال التأكيد,
Contact & Location,التواصل والموقع,
Contact your administrator for role-specific training.,تواصل مع المسؤول للحصول على تدريب خاص بدورك.,
Contains Nuts,يحتوي على مكسرات,
Content Tone,نبرة المحتوى,
Corporate Catering,تموين الشركات,
"Corporate lunch packages, bulk ordering, recurring meal plans, dietary accommodation tracking, invoice consolidation","باقات غداء الشركات والطلبات بالجملة وخطط الوجبات المتكررة وتتبع المتطلبات الغذائية وتوحيد الفواتير",
Cost per Unit,التكلفة لكل وحدة,
"Cost per dish, ingredient price trends, waste percentage, profit margins per menu category.","تكلفة كل طبق واتجاهات أسعار المكونات ونسبة الهدر وهوامش الربح لكل فئة.",
Cost/Unit,التكلفة/الوحدة,
Counted By,جُرِد بواسطة,
Counted Qty,الكمية المُحصاة,
Counting,جرد,
Covers (Guests),عدد الضيوف,
Crafted by,صنع بواسطة,
"Create and manage your full menu with categories, items, ingredients, dietary tags, and pricing","أنشئ وأدر قائمة طعامك الكاملة بالفئات والأصناف والمكونات والعلامات الغذائية والأسعار",
"Create marketing campaigns with activities, budgets, and ROI tracking.","أنشئ حملات تسويقية مع الأنشطة والميزانيات وتتبع العائد على الاستثمار.",
"Create menu categories, add items with ingredients, pricing, and photos","أنشئ فئات القائمة وأضف الأصناف مع المكونات والأسعار والصور",
"Create orders at /deladmin/pos. Select items, apply promos, and send to kitchen.","أنشئ الطلبات في /deladmin/pos. اختر الأصناف وطبّق العروض وأرسل للمطبخ.",
"Create users and assign roles: Manager, Chef, Waiter, Cashier, Procurement","أنشئ المستخدمين وعيّن الأدوار: مدير، شيف، نادل، كاشير، مشتريات",
Credit 15 Days,ائتمان 15 يوم,
Credit 30 Days,ائتمان 30 يوم,
Credit 7 Days,ائتمان 7 أيام,
Cuisine,المطبخ,
Currency Code,رمز العملة,
Currency Symbol,رمز العملة,
Current Bookings,الحجوزات الحالية,
Current Value,القيمة الحالية,
"Current stock levels, reorder alerts, consumption rate, shelf life tracking.","مستويات المخزون الحالية وتنبيهات إعادة الطلب ومعدل الاستهلاك وتتبع الصلاحية.",
Custom Banner,بانر مخصص,
Custom Head HTML,HTML مخصص في الرأس,
Custom JS,جافاسكربت مخصص,
Customer & Table,العميل والطاولة,
Customer Facing,واجهة العميل,
Customer Insights,رؤى العملاء,
Customer Name in Arabic,اسم العميل بالعربي,
Customer Photo,صورة العميل,
Customer Website,موقع العملاء,
Customer preferences and notes,تفضيلات وملاحظات العملاء,
Customer reviews and ratings,تقييمات ومراجعات العملاء,
Customer website with real-time order tracking and delivery zones,موقع العملاء مع تتبع الطلبات لحظياً ومناطق التوصيل,
Daily Orders Summary,ملخص الطلبات اليومي,
Daily Prep,التحضير اليومي,
Daily closing reconciliation,مطابقة الإقفال اليومي,
Daily expense recording,تسجيل المصروفات اليومية,
Dairy,ألبان,
Dairy-Free,خالي من الألبان,
Data-Driven Restaurant Management,إدارة مطاعم مبنية على البيانات,
Decision Factors,عوامل القرار,
Decommissioned,خارج الخدمة,
Default Delivery Fee,رسوم التوصيل الافتراضية,
Default Language,اللغة الافتراضية,
"Define your floor plan with table numbers, capacities, and zones","حدد مخطط الطابق بأرقام الطاولات والسعات والمناطق",
Delivery Included,التوصيل شامل,
Delivery Revenue,إيرادات التوصيل,
Delivery Time,وقت التوصيل,
Delivery-First Kitchen,مطبخ يركز على التوصيل,
Demo,تجريبي,
Demo Data,بيانات تجريبية,
Demo Data Installed,تم تثبيت البيانات التجريبية,
Demo Data Removed,تم حذف البيانات التجريبية,
Demo Installed On,تم التثبيت التجريبي في,
"Demo data installed: {0} menu items, {1} reviews, {2} events","تم تثبيت البيانات التجريبية: {0} صنف قائمة، {1} تقييم، {2} فعالية",
Demographics,الفئة السكانية,
Description (Arabic),الوصف (عربي),
Description (English),الوصف (إنجليزي),
Dessert,حلويات,
Dietary Tag,علامة غذائية,
Dietary Tags,العلامات الغذائية,
Dim,خافت,
Dine-in,في المطعم,
Dine-in Revenue,إيرادات المطعم,
Dining,تناول الطعام,
Direct,مباشر,
Discount Value,قيمة الخصم,
Discounted Price,السعر بعد الخصم,
Dishwasher,غسّال أطباق,
Disputed,متنازع عليه,
Domain & Login,النطاق وتسجيل الدخول,
Domain for custom login (e.g. candela.restaurant). Leave empty to disable custom login.,النطاق لتسجيل الدخول المخصص (مثال: candela.restaurant). اتركه فارغاً للتعطيل.,
Downtime (Hours),وقت التوقف (ساعات),
Dry Goods,بضائع جافة,
Dry Storage,تخزين جاف,
Dubai,دبي,
ERP,نظام تخطيط الموارد,
"Each menu item belongs to a category and can have: price, description, dietary tags (vegan, gluten-free, etc.), ingredients with quantities, preparation time, and a photo.","كل صنف ينتمي لفئة ويمكن أن يحتوي: سعر، وصف، علامات غذائية (نباتي، خالي الغلوتين، إلخ)، مكونات بالكميات، وقت التحضير، وصورة.",
Each team member sees exactly what they need:,كل عضو في الفريق يرى بالضبط ما يحتاجه:,
Email Blast,حملة بريد إلكتروني,
Emergency,طوارئ,
Enable Custom Login,تفعيل تسجيل دخول مخصص,
Enable Delivery,تفعيل التوصيل,
Enable English,تفعيل الإنجليزية,
Enable Fawry,تفعيل فوري,
Enable Italian,تفعيل الإيطالية,
Enable Newsletter,تفعيل النشرة البريدية,
Enable Online Ordering,تفعيل الطلبات الإلكترونية,
Enable Paymob,تفعيل باي موب,
Enable Pickup,تفعيل الاستلام,
Enable Promo Codes,تفعيل الأكواد الترويجية,
Enable Reservations,تفعيل الحجوزات,
Enable Reviews,تفعيل التقييمات,
Enable WhatsApp Button,تفعيل زر واتساب,
Engagement (likes+comments),التفاعل (إعجابات+تعليقات),
Estimated Delivery (minutes),التوصيل المتوقع (دقائق),
Estimated Minutes,الدقائق المتوقعة,
Estimated Prep Time (min),وقت التحضير المتوقع (دقيقة),
Estimated Reach,الوصول المتوقع,
Estimated Time (min),الوقت المتوقع (دقيقة),
Event & Banquet Hall,قاعة مناسبات وحفلات,
Event Name (Arabic),اسم الفعالية (عربي),
Event Name (English),اسم الفعالية (إنجليزي),
Event Prep,تحضير فعالية,
"Event booking with custom menus, large-scale production planning, temporary staff scheduling, venue asset management","حجز الفعاليات مع قوائم مخصصة وتخطيط الإنتاج الكبير وجدولة الموظفين المؤقتين وإدارة أصول المكان",
Event-Specific,خاص بالفعالية,
Every operation in Candela follows a clear workflow — from customer order to kitchen production to payment:,كل عملية في كانديلا تتبع سير عمل واضح — من طلب العميل إلى إنتاج المطبخ إلى الدفع:,
"Everything — settings, reports, approvals, staff management","كل شيء — الإعدادات والتقارير والموافقات وإدارة الموظفين",
Expected Cash,النقد المتوقع,
Explore Menu,استكشف المنيو,
Favicon,أيقونة الموقع,
Fawry Configuration,إعدادات فوري,
Fawry Merchant Code,رمز تاجر فوري,
Fawry Security Key,مفتاح أمان فوري,
Featured Categories,الفئات المميزة,
Features & Ordering,الميزات والطلبات,
Field-level restrictions mask cost data from non-authorized roles. All permission changes are audited.,القيود على مستوى الحقل تخفي بيانات التكلفة عن الأدوار غير المصرح لها. جميع تغييرات الصلاحيات مُدققة.,
Fine Dining Restaurant,مطعم فاخر,
Flags,علامات,
Follow these steps to get your restaurant running on Candela:,اتبع هذه الخطوات لتشغيل مطعمك على كانديلا:,
Followers,المتابعون,
Food Cost %,نسبة تكلفة الطعام %,
Food Cost (per serving),تكلفة الطعام (لكل وجبة),
Food Cost Report,تقرير تكلفة الطعام,
Food Cost Today,تكلفة الطعام اليوم,
Food Costing,تسعير الطعام,
Frappe Support,دعم فرابي,
Fruits,فواكه,
Fujairah,الفجيرة,
"Full dashboard with sales, reservations, and alerts","لوحة تحكم كاملة بالمبيعات والحجوزات والتنبيهات",
"Full menu management with categories, dietary tags, ingredients, and pricing","إدارة قائمة كاملة بالفئات والعلامات الغذائية والمكونات والأسعار",
Furniture,أثاث,
GRN Items,أصناف إذن الاستلام,
GTM Container ID,معرف حاوية GTM,
"Generate promo codes with discount %, max uses, and expiry dates.","أنشئ أكواد ترويجية مع نسبة خصم وحد أقصى للاستخدام وتاريخ انتهاء.",
Gluten-Free,خالي من الغلوتين,
Go Live!,انطلق!,
Goods Receipt,إذن استلام,
Goods receipt and quality checks,استلام البضائع وفحص الجودة,
Google Analytics 4 ID,معرف Google Analytics 4,
Google Maps Embed Code,كود خريطة Google المضمن,
Google Maps URL,رابط خرائط Google,
Google Rating,تقييم Google,
Grains & Pasta,حبوب ومعكرونة,
Grand Opening,الافتتاح الكبير,
Green Color,اللون الأخضر,
Grill,شواية,
Gross Revenue,الإيرادات الإجمالية,
Guests,الضيوف,
HVAC,تكييف,
Halal,حلال,
Hashtags,الهاشتاقات,
Hero Background Image,صورة خلفية البطل,
Hero Image (Mobile),صورة البطل (موبايل),
Hero Overlay Opacity,شفافية طبقة البطل,
Hero Section,قسم البطل,
Hero Video URL,رابط فيديو البطل,
Homepage Sections,أقسام الصفحة الرئيسية,
Hot,ساخن,
Hot Line,خط ساخن,
Hotel Restaurant,مطعم فندقي,
How Candela's 55 DocTypes connect to each other — from Menu Items to POS Invoices to Stock Entries:,كيف ترتبط مستندات كانديلا الـ55 ببعضها — من أصناف القائمة إلى فواتير نقطة البيع إلى حركات المخزون:,
Icon (Lucide name),أيقونة (اسم Lucide),
Icon Emoji,إيموجي الأيقونة,
Image Alt Text,نص بديل للصورة,
Income Level,مستوى الدخل,
Indirect,غير مباشر,
Ingredient Name,اسم المكوّن,
Ingredient Name (AR),اسم المكوّن (عربي),
Ingredient Name (EN),اسم المكوّن (إنجليزي),
Inspected,تم الفحص,
Inspection Date,تاريخ الفحص,
Inspection Notes,ملاحظات الفحص,
Inspection Status,حالة الفحص,
Install Demo Data,تثبيت البيانات التجريبية,
Installing demo data...,جارٍ تثبيت البيانات التجريبية...,
Instashop,إنستاشوب,
Internal,داخلي,
Inventory Status,حالة المخزون,
Inventory levels and reorder points,مستويات المخزون ونقاط إعادة الطلب,
Invoice creation and payment,إنشاء الفواتير والدفع,
Is Exempt,معفى,
Is Zero Rated,بتصنيف صفري,
Italian Café & Restaurant Management,إدارة مقهى ومطعم إيطالي,
Item Name (Arabic),اسم الصنف (عربي),
Item Name (English),اسم الصنف (إنجليزي),
Item Name (Italian),اسم الصنف (إيطالي),
Items Offered,الأصناف المقدمة,
KPIs,مؤشرات الأداء,
Kitchen Display System with order queue,شاشة المطبخ مع قائمة الطلبات,
Kitchen Equipment,معدات المطبخ,
Kitchen Notification Email,بريد إشعارات المطبخ,
Kitchen Queue,قائمة انتظار المطبخ,
Kitchen Status,حالة المطبخ,
"Kitchen display, production logs, recipes, ingredient stock levels","شاشة المطبخ وسجلات الإنتاج والوصفات ومستويات مخزون المكونات",
Language & Locale,اللغة والمنطقة,
Last Purchase,آخر عملية شراء,
Lighting,إضاءة,
Lively,حيوي,
Location Notes,ملاحظات الموقع,
Locked,مقفل,
Log out,تسجيل خروج,
Log what you produce at /deladmin/production. Record waste and ingredient usage.,سجّل ما تنتجه في /deladmin/production. سجّل الهدر واستهلاك المكونات.,
Login Background Image,صورة خلفية تسجيل الدخول,
Login Welcome (Arabic),رسالة ترحيب الدخول (عربي),
Login Welcome (English),رسالة ترحيب الدخول (إنجليزي),
Logo & Icons,الشعار والأيقونات,
Logo (Dark - for light backgrounds),الشعار (داكن - للخلفيات الفاتحة),
Logo (Gold),الشعار (ذهبي),
Logo (White - for dark backgrounds),الشعار (أبيض - للخلفيات الداكنة),
Logo Icon (circular),أيقونة الشعار (دائرية),
MAT-STE-.YYYY.-,MAT-STE-.YYYY.-,
Maint. Interval (Days),فترة الصيانة (أيام),
Maintenance Message,رسالة الصيانة,
Maintenance Mode,وضع الصيانة,
"Manage shifts at /deladmin/staff. Assign roles, set schedules, and track attendance.","أدِر الورديات في /deladmin/staff. عيّن الأدوار وضع الجداول وتتبع الحضور.",
Manage storage locations at /deladmin/warehouses. Transfer stock between them as needed.,أدِر مواقع التخزين في /deladmin/warehouses. حوّل المخزون بينها حسب الحاجة.,
Manage suppliers in the Candela Supplier doctype. Track pricing and delivery reliability.,أدِر الموردين في مستند مورد كانديلا. تتبع التسعير وموثوقية التسليم.,
Marketing Channels,قنوات التسويق,
Max Capacity,السعة القصوى,
Max Party Size,أقصى عدد أفراد,
Max Uses,أقصى عدد استخدامات,
Measurement Error,خطأ في القياس,
Meat,لحوم,
Meat & Poultry,لحوم ودواجن,
Medium-High,متوسط-مرتفع,
Menu & Dining,القائمة والطعام,
Menu Highlights,أبرز الأطباق,
Menu Item Dietary Tag,علامة غذائية لصنف القائمة,
Menu Item Popularity,شعبية صنف القائمة,
Menu Management,إدارة القائمة,
Menu Preferences,تفضيلات القائمة,
Meta Keywords,كلمات مفتاحية,
Meta Pixel ID,معرف Meta Pixel,
Mild,خفيف,
Min Orders,أقل عدد طلبات,
Minimum Order,الحد الأدنى للطلب,
Minimum Order Amount,الحد الأدنى لمبلغ الطلب,
Minimum Stock (Alert),الحد الأدنى للمخزون (تنبيه),
Mode Name (Arabic),اسم النمط (عربي),
Mode Name (English),اسم النمط (إنجليزي),
Moderate,معتدل,
Moderation,إشراف,
Module Access,صلاحية الوحدة,
Monitor customer reviews. Respond to feedback and track satisfaction trends.,تابع تقييمات العملاء. رد على الملاحظات وتتبع اتجاهات الرضا.,
Monthly Invoice,فاتورة شهرية,
Morning,صباحي,
Music Playlist URL,رابط قائمة الموسيقى,
Must-Have Features,ميزات ضرورية,
N,لا,
Net Cash Position,صافي الوضع النقدي,
New Price,السعر الجديد,
New order #{0},طلب جديد #{0},
New reservation from {0},حجز جديد من {0},
New review from {0},تقييم جديد من {0},
Newsletter subscriber management,إدارة مشتركي النشرة,
Next Maintenance,الصيانة القادمة,
No-Show,لم يحضر,
Noise,ضوضاء,
Noise Level,مستوى الضوضاء,
Normal,عادي,
Notification Email,بريد الإشعارات,
Notify New Order,إشعار بالطلبات الجديدة,
Notify New Reservation,إشعار بالحجوزات الجديدة,
Notify New Review,إشعار بالتقييمات الجديدة,
OG Image (1200×630),صورة OG (1200×630),
Occupation,المهنة,
Offer Types,أنواع العروض,
Oils & Sauces,زيوت وصلصات,
Old Price,السعر القديم,
Ongoing,جارٍ,
Online Ordering,الطلب الإلكتروني,
"Online ordering focus, delivery zone management, driver tracking, promo codes, customer acquisition campaigns","التركيز على الطلبات الإلكترونية وإدارة مناطق التوصيل وتتبع السائقين والأكواد الترويجية وحملات اكتساب العملاء",
Open Candela Settings,افتح إعدادات كانديلا,
Open Time,وقت الفتح,
"Open your first POS shift, take your first reservation, and start serving!","افتح أول وردية نقطة بيع، واستقبل أول حجز، وابدأ الخدمة!",
Open your shift at /deladmin/pos with a starting cash amount. Close it at end of shift.,افتح ورديتك في /deladmin/pos بمبلغ نقدي ابتدائي. أغلقها في نهاية الوردية.,
Opening Cash,النقد الافتتاحي,
Order Channel,قناة الطلب,
Order Confirmation Message,رسالة تأكيد الطلب,
Order Date,تاريخ الطلب,
Order Items,أصناف الطلب,
Order Reference,مرجع الطلب,
"Order appears in kitchen display, organized by station","الطلب يظهر في شاشة المطبخ مرتباً حسب المحطة",
Ordering Settings,إعدادات الطلبات,
Orders Count,عدد الطلبات,
"Orders from the customer website arrive here. Each has items, delivery address, payment status, and real-time tracking status.","طلبات الموقع تصل هنا. كل طلب فيه أصناف وعنوان توصيل وحالة دفع وحالة تتبع لحظية.",
Other Income,دخل آخر,
Our Advantage,ميزتنا التنافسية,
Over-prep,إنتاج زائد,
PCL-.YYYY.-.#####,PCL-.YYYY.-.#####,
POS Hardware,أجهزة نقطة البيع,
POS Session,جلسة نقطة البيع,
POS System,نظام نقطة البيع,
POS invoices are created from the POS terminal. They link to a POS Shift and deduct stock automatically on creation.,فواتير نقطة البيع تُنشأ من محطة نقطة البيع. ترتبط بوردية وتخصم المخزون تلقائياً عند الإنشاء.,
POS shift open/close,فتح/إغلاق وردية نقطة البيع,
POS terminal for order taking,نقطة البيع لاستقبال الطلبات,
"POS terminal, shift management, daily expenses","نقطة البيع وإدارة الورديات والمصروفات اليومية",
POS-.YYYY.-.#####,POS-.YYYY.-.#####,
PUR-ORD-.YYYY.-,PUR-ORD-.YYYY.-,
Package Description,وصف الباقة,
Package Name,اسم الباقة,
Package Name (Arabic),اسم الباقة (عربي),
Pain Points,نقاط الألم,
Parts Used,القطع المستخدمة,
Pasta,باستا,
Payment Status,حالة الدفع,
Paymob,باي موب,
Paymob API Key,مفتاح API باي موب,
Paymob Configuration,إعدادات باي موب,
Paymob HMAC Secret,سر HMAC باي موب,
Paymob Integration ID,معرف تكامل باي موب,
Paymob iFrame ID,معرف iFrame باي موب,
Pending → Confirmed → Seated → Completed. No-shows are marked automatically after 30 minutes.,قيد الانتظار ← مؤكد ← جالس ← مكتمل. يُحدَّد عدم الحضور تلقائياً بعد 30 دقيقة.,
Permit Number,رقم التصريح,
Persona Name (Arabic),اسم الشخصية (عربي),
Persona Name (English),اسم الشخصية (إنجليزي),
Pizza,بيتزا,
Plumbing,سباكة,
Point of sale with shift management and daily closing reconciliation,نقطة بيع مع إدارة الورديات ومطابقة الإقفال اليومي,
Post Date,تاريخ النشر,
Post URL,رابط المنشور,
Posted,منشور,
Power,كهرباء,
Power Outlets,مخارج كهرباء,
Pre-Launch,ما قبل الإطلاق,
Preferences,التفضيلات,
Preferred Categories,الفئات المفضلة,
Preferred Channels,القنوات المفضلة,
Preferred Payment,طريقة الدفع المفضلة,
Prep,تحضير,
Prep Time (minutes),وقت التحضير (دقائق),
Prepaid,مدفوع مسبقاً,
Price (EGP),السعر (ج.م),
Price Change Reason,سبب تغيير السعر,
Price Range,نطاق السعر,
Price Sensitivity,حساسية السعر,
Price/Person,السعر/الشخص,
Primary CTA Text,نص الزر الرئيسي,
Primary CTA URL,رابط الزر الرئيسي,
Primary Color (Amber),اللون الرئيسي (العنبري),
Procurement Officer,مسؤول المشتريات,
Procurement approval and cost reports,موافقات المشتريات وتقارير التكلفة,
Produce,إنتاج,
Production logging and waste tracking,تسجيل الإنتاج وتتبع الهدر,
Promo,ترويجي,
Promo code creation and analytics,إنشاء الأكواد الترويجية وتحليلاتها,
Public Pages,الصفحات العامة,
Purchase & Warranty,الشراء والضمان,
Purchase Cost,تكلفة الشراء,
Purchase Request → Purchase Order → Goods Receipt Note → Stock Entry. All linked automatically.,طلب شراء ← أمر شراء ← إذن استلام ← حركة مخزون. كلها مترابطة تلقائياً.,
Purchase requests from kitchen,طلبات شراء من المطبخ,
"Purchase requests, orders, goods receipt, supplier management","طلبات الشراء والأوامر واستلام البضائع وإدارة الموردين",
"Purchase requests/orders, suppliers, goods receipt, inventory","طلبات/أوامر الشراء والموردين واستلام البضائع والمخزون",
QR Table,طاولة QR,
Qty per Serving,الكمية لكل وجبة,
Qty to Transfer,الكمية للتحويل,
"Quick service POS, loyalty programs, pastry production tracking, morning shift management, takeaway orders","نقطة بيع خدمة سريعة وبرامج ولاء وتتبع إنتاج المعجنات وإدارة الوردية الصباحية وطلبات السفري",
Quiet,هادئ,
ROI %,نسبة العائد %,
ROI (Reach per EGP),العائد (الوصول لكل ج.م),
Ras Al Khaimah,رأس الخيمة,
Reach,الوصول,
Read More,اقرأ المزيد,
Ready to light the flame?,مستعد لإشعال الشمعة؟,
Real-time kitchen station management and production logging,إدارة محطات المطبخ لحظياً وتسجيل الإنتاج,
"Real-time revenue by hour, day, week. Top-selling items. Payment method breakdown.","الإيرادات لحظياً بالساعة واليوم والأسبوع. الأصناف الأكثر مبيعاً. تفصيل طرق الدفع.",
Receipt Date,تاريخ الاستلام,
Receipt?,إيصال؟,
Received,مُستلم,
Received By,استُلم بواسطة,
Recipe & Ingredients,الوصفة والمكونات,
Recipe Items,مكونات الوصفة,
Recipe ingredient lists,قوائم مكونات الوصفات,
Reconciliation Items,أصناف المطابقة,
Record petty cash expenses during your shift for accurate daily closing.,سجّل مصروفات الصندوق الصغير خلال ورديتك لإقفال يومي دقيق.,
Recoverable Reverse Charge (Percentage),نسبة الرسوم العكسية القابلة للاسترداد,
Recoverable Standard Rated Expenses (AED),المصروفات المقيمة القياسية القابلة للاسترداد (درهم),
Reference / Invoice #,المرجع / رقم الفاتورة,
Reference Document,المستند المرجعي,
Refrigeration,تبريد,
Rejection Reason,سبب الرفض,
Remove Demo Data,حذف البيانات التجريبية,
Removing demo data...,جارٍ حذف البيانات التجريبية...,
Reported At,تم الإبلاغ في,
Reported By,أبلغ بواسطة,
Request Items,أصناف الطلب,
Requires Action,يتطلب إجراء,
Reservation Analytics,تحليلات الحجوزات,
Reservation Settings,إعدادات الحجوزات,
Reservation list for the day,قائمة حجوزات اليوم,
"Reservations come from the website or can be created manually. Each reservation has: guest name, date/time, party size, table assignment, and special notes.","الحجوزات تأتي من الموقع أو تُنشأ يدوياً. كل حجز فيه: اسم الضيف، التاريخ/الوقت، عدد الأفراد، الطاولة، وملاحظات خاصة.",
Reserve,احجز,
Reserve Your Table,احجز طاولتك,
Response Posted,تم نشر الرد,
Response Text,نص الرد,
Restaurant,مطعم,
Restaurant Identity,هوية المطعم,
Restaurant Manager,مدير المطعم,
Restaurant Name,اسم المطعم,
Restaurant Name (Arabic),اسم المطعم (عربي),
Restock,إعادة تخزين,
Revenue Attributed,الإيرادات المنسوبة,
Revenue/Cover,الإيراد/الضيف,
Reverse Charge Applicable,الرسوم العكسية مطبقة,
Review (Arabic),التقييم (عربي),
Review (English),التقييم (إنجليزي),
Review URL,رابط التقييم,
Review and approve purchase requests from the kitchen. Monitor supplier performance and costs.,راجع ووافق على طلبات الشراء من المطبخ. تابع أداء الموردين والتكاليف.,
"Review sentiment, order frequency, popular delivery zones, promo code usage.","توجهات التقييمات وتكرار الطلبات ومناطق التوصيل الشائعة واستخدام الأكواد الترويجية.",
Reviewed,تمت المراجعة,
Rework,إعادة تصنيع,
"Room-charge integration, banquet event management, multi-outlet operations, corporate account billing","تكامل رسوم الغرف وإدارة فعاليات القاعات وعمليات متعددة المنافذ وفوترة حسابات الشركات",
Runner,عامل توصيل,
SEO,تحسين محركات البحث,
SEO & Analytics,SEO والتحليلات,
Sales Dashboard,لوحة المبيعات,
"Sales analysis, food cost reports, reservation analytics, staff performance","تحليل المبيعات وتقارير تكلفة الطعام وتحليلات الحجوزات وأداء الموظفين",
"Sales reports, food cost analysis, inventory tracking, marketing ROI","تقارير المبيعات وتحليل تكلفة الطعام وتتبع المخزون وعائد التسويق",
Schema Type,نوع المخطط,
Seafood,مأكولات بحرية,
Seated,جالس,
Seating,الجلوس,
Secondary CTA Text,نص الزر الثانوي,
Secondary CTA URL,رابط الزر الثانوي,
Secondary Phone,الهاتف الثانوي,
Security,الأمان,
"See all tables at /deladmin/tables. Green = available, amber = occupied, red = reserved.","شاهد جميع الطاولات في /deladmin/tables. أخضر = متاح، عنبري = مشغول، أحمر = محجوز.",
Serial Number,الرقم التسلسلي,
Served,تم التقديم,
Set Up Tables,إعداد الطاولات,
Set opening and closing times for each day. These are displayed on the website and used to validate reservation time slots.,حدد أوقات الفتح والإغلاق لكل يوم. تُعرض على الموقع وتُستخدم للتحقق من فترات الحجز.,
"Set restaurant name, address, opening hours, and currency in Candela Settings","حدد اسم المطعم والعنوان وساعات العمل والعملة في إعدادات كانديلا",
"Set up warehouses, suppliers, kitchen stations, and delivery zones","أعدّ المستودعات والموردين ومحطات المطبخ ومناطق التوصيل",
Sharjah,الشارقة,
Shift,وردية,
Shift Date,تاريخ الوردية,
"Shift coverage, POS sales per cashier, kitchen throughput, overtime tracking.","تغطية الورديات ومبيعات نقطة البيع لكل كاشير وإنتاجية المطبخ وتتبع العمل الإضافي.",
Shift reconciliation,مطابقة الوردية,
Show About Section,عرض قسم من نحن,
Show Animated Logo in Hero,عرض الشعار المتحرك في البطل,
Show Events,عرض الفعاليات,
Show Gallery,عرض المعرض,
Show Instagram Feed,عرض منشورات إنستغرام,
Show Menu Highlights,عرض أبرز الأطباق,
Show Newsletter,عرض النشرة البريدية,
Show Reservation CTA,عرض زر الحجز,
Show Testimonials,عرض شهادات العملاء,
Show on Homepage,عرض في الصفحة الرئيسية,
Show on Website,عرض في الموقع,
Silent,صامت,
Slot Duration (minutes),مدة الفترة (دقائق),
Slug,الرابط المختصر,
Sous Chef,مساعد الشيف,
Special Instructions,تعليمات خاصة,
Spice Level,درجة الحرارة,
Spices & Herbs,توابل وأعشاب,
Spicy,حار,
Spoilage,تلف,
Staff Name,اسم الموظف,
Staff Performance,أداء الموظفين,
Staff Requirements,متطلبات الموظفين,
Staff schedule and shift management,جدول الموظفين وإدارة الورديات,
Started At,بدأ في,
Station Name,اسم المحطة,
Station Name (Arabic),اسم المحطة (عربي),
"Stations organize your kitchen (e.g., Grill, Pasta, Dessert). Orders are routed to the correct station based on item configuration.","المحطات تنظم مطبخك (مثل: الشواية، الباستا، الحلويات). الطلبات تُوجَّه للمحطة الصحيحة حسب إعدادات الصنف.",
Stock Deduction,خصم مخزون,
"Stock entries track all inventory movements: receipts from suppliers, production consumption, transfers between warehouses, and adjustments.","حركات المخزون تتبع جميع حركات المخزون: الاستلام من الموردين واستهلاك الإنتاج والتحويلات بين المستودعات والتعديلات.",
Stock level alerts for key ingredients,تنبيهات مستوى المخزون للمكونات الرئيسية,
Stocked,مُخزَّن,
Storage,تخزين,
Strengths,نقاط القوة,
Submitted,مُقدَّم,
Subscribed On,تاريخ الاشتراك,
Subscribed Package,الباقة المشتركة,
Supplier Name (Arabic),اسم المورد (عربي),
Supplier Name in Arabic,اسم المورد بالعربي,
Supplier management and ordering,إدارة الموردين والطلب,
Supplies,مستلزمات,
System Health,صحة النظام,
System Qty,كمية النظام,
Table Number,رقم الطاولة,
"Table map, POS, reservations, customer notes","خريطة الطاولات ونقطة البيع والحجوزات وملاحظات العملاء",
"Table reservations, multi-course menu management, wine pairing notes, premium customer experience tracking, event hosting","حجوزات الطاولات وإدارة قوائم متعددة الأطباق وملاحظات مزج النبيذ وتتبع تجربة العملاء المميزة واستضافة الفعاليات",
"Table status map — available, occupied, reserved","خريطة حالة الطاولات — متاحة، مشغولة، محجوزة",
Tagline (Arabic),الشعار (عربي),
Tagline (English),الشعار (إنجليزي),
Tagline (Italian),الشعار (إيطالي),
Takeaway,سفري,
Takeaway Revenue,إيرادات السفري,
Talabat,طلبات,
Target Food Cost %,نسبة تكلفة الطعام المستهدفة %,
Target Persona,الشخصية المستهدفة,
Tax Amount,مبلغ الضريبة,
Tax Code,رمز الضريبة,
Tax Rate (%),نسبة الضريبة (%),
Tax Refund provided to Tourists (AED),استرداد الضريبة المقدم للسياح (درهم),
"The daily closing report summarizes: total POS sales, online order revenue, cash collected, expenses, and discrepancies. Auto-generated or created manually.","تقرير الإقفال اليومي يلخص: إجمالي مبيعات نقطة البيع وإيرادات الطلبات الإلكترونية والنقد المُحصَّل والمصروفات والفروقات. يُنشأ تلقائياً أو يدوياً.",
Theft,سرقة,
"This is where you configure your restaurant's basic information: name, address, phone, opening hours, currency, and brand colors. Changes here affect the public website and all internal screens.","هنا تهيئ المعلومات الأساسية للمطعم: الاسم والعنوان والهاتف وساعات العمل والعملة وألوان العلامة التجارية. التغييرات هنا تؤثر على الموقع وجميع الشاشات الداخلية.",
"This will add demo menu items, gallery photos, events, and reviews. Continue?","سيتم إضافة أصناف قائمة تجريبية وصور معرض وفعاليات وتقييمات. متابعة؟",
This will permanently delete ALL demo data. Your real data will NOT be affected. Continue?,سيتم حذف جميع البيانات التجريبية نهائياً. بياناتك الحقيقية لن تتأثر. متابعة؟,
TikTok Pixel ID,معرف TikTok Pixel,
Time Variance %,نسبة انحراف الوقت %,
Title (Arabic),العنوان (عربي),
Title (English),العنوان (إنجليزي),
Total Card Sales,إجمالي مبيعات البطاقات,
Total Cash Sales,إجمالي المبيعات النقدية,
Total Collected,إجمالي المُحصَّل,
Total Discounts,إجمالي الخصومات,
Total Expenses,إجمالي المصروفات,
Total Refunds,إجمالي المرتجعات,
Total Variance Cost,إجمالي تكلفة الفروقات,
Total Wallet Sales,إجمالي مبيعات المحفظة,
Total Waste Cost,إجمالي تكلفة الهدر,
Totals & Approval,الإجماليات والموافقة,
"Track ingredients, create purchase requests, receive goods, do stock counts","تتبع المكونات وأنشئ طلبات الشراء واستلم البضائع وقم بالجرد",
Tracking,تتبع,
Transfer Items,أصناف التحويل,
Transferred By,حُوِّل بواسطة,
Twitter / X,تويتر / X,
UI,واجهة المستخدم,
Umm Al Quwain,أم القيوين,
Unit Cost,تكلفة الوحدة,
Urgency,الأولوية,
Useful Life (Years),العمر الافتراضي (سنوات),
User Settings,إعدادات المستخدم,
Utilities,مرافق,
VAT Details,تفاصيل ضريبة القيمة المضافة,
VAT Emirate,إمارة الضريبة,
Valid Until,صالح حتى,
Variance Cost,تكلفة الفرق,
Variance Reason,سبب الفرق,
Vegan,نباتي,
Vegetables,خضروات,
View on Website,عرض في الموقع,
Visit Date,تاريخ الزيارة,
Visit Pattern,نمط الزيارة,
Visits,الزيارات,
Visits & Campaigns,الزيارات والحملات,
Waiter / Front Staff,النادل / طاقم الاستقبال,
Warehouse,مستودع,
Warehouse Name (Arabic),اسم المستودع (عربي),
Warm,دافئ,
Warning: '{0}' has no recipe. Add ingredients in the Recipe tab for proper cost tracking.,تحذير: '{0}' ليس له وصفة. أضف المكونات في تبويب الوصفة لتتبع التكلفة بشكل صحيح.,
Warranty Until,الضمان حتى,
Waste,هدر,
Waste Items,أصناف الهدر,
Wasted Qty,الكمية المهدرة,
Weaknesses,نقاط الضعف,
Web,ويب,
Website Content,محتوى الموقع,
Weekly Invoice,فاتورة أسبوعية,
WhatsApp Default Message,رسالة واتساب الافتراضية,
WhatsApp Notify Staff,إشعار الموظفين عبر واتساب,
WhatsApp Number,رقم واتساب,
"When confirmed, orders are sent to the kitchen display. Ingredients are deducted from stock automatically.","عند التأكيد، تُرسل الطلبات لشاشة المطبخ. تُخصم المكونات من المخزون تلقائياً.",
"When ingredients run low, create a purchase request directly from the kitchen.","عندما ينخفض المخزون، أنشئ طلب شراء مباشرة من المطبخ.",
WiFi Password,كلمة مرور WiFi,
WiFi SSID,اسم شبكة WiFi,
WiFi Speed (Mbps),سرعة WiFi (ميغابت),
Y,نعم,
Your workspace is /deladmin/kitchen. Orders appear in real-time organized by station.,مكان عملك هو /deladmin/kitchen. الطلبات تظهر لحظياً مرتبة حسب المحطة.,
Zone,المنطقة,
Zone Name,اسم المنطقة,
bag,كيس,
bottle,زجاجة,
box,صندوق,
can,علبة,
g,غرام,
it,إيطالي,
kg,كغ,
liter,لتر,
ml,مل,
piece,قطعة,
ℹ️ No specific guide,ℹ️ لا يوجد دليل محدد,
⚙️ Candela Settings,⚙️ إعدادات كانديلا,
⚠️ '{0}' has no recipe — stock deduction skipped. Add a recipe to enable automatic inventory tracking.,⚠️ '{0}' ليس له وصفة — تم تخطي خصم المخزون. أضف وصفة لتفعيل تتبع المخزون التلقائي.,
"⚠️ Low stock: {0} — needed {1} {2}, available {3}","⚠️ مخزون منخفض: {0} — مطلوب {1} {2}، متوفر {3}",
⚠️ Stock consumption should reference an order or production log for audit trail.,⚠️ استهلاك المخزون يجب أن يشير لطلب أو سجل إنتاج لأغراض التدقيق.,
⚡ Business Workflows,⚡ سير العمل التجاري,
⚡ Core Workflow,⚡ سير العمل الأساسي,
⚡ Kitchen Integration,⚡ ربط المطبخ,
❓ Getting Help,❓ الحصول على مساعدة,
⭐ Reviews,⭐ التقييمات,
🍽️ Menu Items,🍽️ أصناف القائمة,
🍽️ Table Map,🍽️ خريطة الطاولات,
🎫 Promo Codes,🎫 الأكواد الترويجية,
🏢 Industry Adaptations,🏢 التكيف مع القطاعات,
🏭 Suppliers,🏭 الموردين,
👥 Staff Management,👥 إدارة الموظفين,
👥 Stakeholder Perspectives,👥 منظور أصحاب المصلحة,
👨‍🍳 Kitchen Display,👨‍🍳 شاشة المطبخ,
👨‍🍳 Kitchen Stations,👨‍🍳 محطات المطبخ,
💰 Daily Closing,💰 الإقفال اليومي,
💰 POS Invoices,💰 فواتير نقطة البيع,
💰 POS Shift,💰 وردية نقطة البيع,
💰 POS Terminal,💰 نقطة البيع,
📅 Reservations,📅 الحجوزات,
📊 Daily Closing,📊 الإقفال اليومي,
📊 Manager Dashboard,📊 لوحة تحكم المدير,
📊 Pricing,📊 التسعير,
📊 Reports & Analytics,📊 التقارير والتحليلات,
📋 Purchase Flow,📋 مسار الشراء,
📐 Module Architecture,📐 هيكل الوحدات,
📝 Production Logging,📝 تسجيل الإنتاج,
📢 Campaigns,📢 الحملات,
📦 Procurement Approvals,📦 موافقات المشتريات,
📦 Stock Alerts,📦 تنبيهات المخزون,
📦 Stock Entries,📦 حركات المخزون,
📦 Warehouses,📦 المستودعات,
📱 Online Orders,📱 الطلبات الإلكترونية,
🔄 Status Flow,🔄 مسار الحالة,
🔌 Integrations,🔌 التكاملات,
🔐 Your Permissions,🔐 صلاحياتك,
🔗 Entity Relationship Diagram,🔗 مخطط علاقات الكيانات,
🕐 Opening Hours,🕐 ساعات العمل,
🕯️ Candela Restaurant,🕯️ مطعم كانديلا,
🗂️ DocType Relationships,🗂️ علاقات المستندات,
🚀 Getting Started,🚀 البدء,
🛡️ Security & Permissions,🛡️ الأمان والصلاحيات,
🧾 Daily Expenses,🧾 المصروفات اليومية,
"A complete restaurant operations platform covering menu management, table reservations, online ordering, POS, kitchen display, procurement, inventory, production tracking, staff management, marketing campaigns, and a stunning customer-facing website.","منصة شاملة لإدارة عمليات المطاعم تغطي إدارة القائمة وحجوزات الطاولات والطلبات الإلكترونية ونقطة البيع وشاشة المطبخ والمشتريات والمخزون وتتبع الإنتاج وإدارة الموظفين والحملات التسويقية وموقع إلكتروني مذهل.",
"As a manager, your home is the Admin Dashboard at /deladmin. Here you see today's reservations, order count, revenue, and alerts.","كمدير، لوحة التحكم في /deladmin هي صفحتك الرئيسية. هنا ترى حجوزات اليوم وعدد الطلبات والإيرادات والتنبيهات.",
"At end of day, visit /deladmin/closing to reconcile POS totals, record expenses, and generate the daily report.","في نهاية اليوم، زر /deladmin/closing لمطابقة إجماليات نقطة البيع وتسجيل المصروفات وإنشاء التقرير اليومي.",
"Booking patterns, no-show rates, peak hours, table utilization.","أنماط الحجز ونسب عدم الحضور وساعات الذروة واستغلال الطاولات.",
"Campaigns, promo codes, reviews, newsletter, events","الحملات والأكواد الترويجية والتقييمات والنشرة البريدية والفعاليات",
"Candela is organized into 8 functional modules, each with dedicated DocTypes and workflows:","كانديلا منظمة في 8 وحدات وظيفية، لكل منها أنواع مستندات وسير عمل مخصصة:",
"Chef prepares food, marks production log with ingredients used","الشيف يحضّر الطعام ويسجّل المكونات المستخدمة في سجل الإنتاج",
"Comma-separated table numbers, e.g. T1, T2, T3","أرقام الطاولات مفصولة بفواصل، مثال: T1, T2, T3",
"Corporate lunch packages, bulk ordering, recurring meal plans, dietary accommodation tracking, invoice consolidation","باقات غداء الشركات والطلبات بالجملة وخطط الوجبات المتكررة وتتبع المتطلبات الغذائية وتوحيد الفواتير",
"Cost per dish, ingredient price trends, waste percentage, profit margins per menu category.","تكلفة كل طبق واتجاهات أسعار المكونات ونسبة الهدر وهوامش الربح لكل فئة.",
"Create and manage your full menu with categories, items, ingredients, dietary tags, and pricing","أنشئ وأدر قائمة طعامك الكاملة بالفئات والأصناف والمكونات والعلامات الغذائية والأسعار",
"Create marketing campaigns with activities, budgets, and ROI tracking.","أنشئ حملات تسويقية مع الأنشطة والميزانيات وتتبع العائد على الاستثمار.",
"Create menu categories, add items with ingredients, pricing, and photos","أنشئ فئات القائمة وأضف الأصناف مع المكونات والأسعار والصور",
"Create orders at /deladmin/pos. Select items, apply promos, and send to kitchen.","أنشئ الطلبات في /deladmin/pos. اختر الأصناف وطبّق العروض وأرسل للمطبخ.",
"Create users and assign roles: Manager, Chef, Waiter, Cashier, Procurement","أنشئ المستخدمين وعيّن الأدوار: مدير، شيف، نادل، كاشير، مشتريات",
"Current stock levels, reorder alerts, consumption rate, shelf life tracking.","مستويات المخزون الحالية وتنبيهات إعادة الطلب ومعدل الاستهلاك وتتبع الصلاحية.",
"Define your floor plan with table numbers, capacities, and zones","حدد مخطط الطابق بأرقام الطاولات والسعات والمناطق",
"Demo data installed: {0} menu items, {1} reviews, {2} events","تم تثبيت البيانات التجريبية: {0} صنف قائمة، {1} تقييم، {2} فعالية",
"Each menu item belongs to a category and can have: price, description, dietary tags (vegan, gluten-free, etc.), ingredients with quantities, preparation time, and a photo.","كل صنف ينتمي لفئة ويمكن أن يحتوي: سعر، وصف، علامات غذائية (نباتي، خالي الغلوتين، إلخ)، مكونات بالكميات، وقت التحضير، وصورة.",
"Event booking with custom menus, large-scale production planning, temporary staff scheduling, venue asset management","حجز الفعاليات مع قوائم مخصصة وتخطيط الإنتاج الكبير وجدولة الموظفين المؤقتين وإدارة أصول المكان",
"Everything — settings, reports, approvals, staff management","كل شيء — الإعدادات والتقارير والموافقات وإدارة الموظفين",
"Full dashboard with sales, reservations, and alerts","لوحة تحكم كاملة بالمبيعات والحجوزات والتنبيهات",
"Full menu management with categories, dietary tags, ingredients, and pricing","إدارة قائمة كاملة بالفئات والعلامات الغذائية والمكونات والأسعار",
"Generate promo codes with discount %, max uses, and expiry dates.","أنشئ أكواد ترويجية مع نسبة خصم وحد أقصى للاستخدام وتاريخ انتهاء.",
"Kitchen display, production logs, recipes, ingredient stock levels","شاشة المطبخ وسجلات الإنتاج والوصفات ومستويات مخزون المكونات",
"Manage shifts at /deladmin/staff. Assign roles, set schedules, and track attendance.","أدِر الورديات في /deladmin/staff. عيّن الأدوار وضع الجداول وتتبع الحضور.",
"Online ordering focus, delivery zone management, driver tracking, promo codes, customer acquisition campaigns","التركيز على الطلبات الإلكترونية وإدارة مناطق التوصيل وتتبع السائقين والأكواد الترويجية وحملات اكتساب العملاء",
"Open your first POS shift, take your first reservation, and start serving!","افتح أول وردية نقطة بيع، واستقبل أول حجز، وابدأ الخدمة!",
"Order appears in kitchen display, organized by station","الطلب يظهر في شاشة المطبخ مرتباً حسب المحطة",
"Orders from the customer website arrive here. Each has items, delivery address, payment status, and real-time tracking status.","طلبات الموقع تصل هنا. كل طلب فيه أصناف وعنوان توصيل وحالة دفع وحالة تتبع لحظية.",
"POS terminal, shift management, daily expenses","نقطة البيع وإدارة الورديات والمصروفات اليومية",
"Purchase requests, orders, goods receipt, supplier management","طلبات الشراء والأوامر واستلام البضائع وإدارة الموردين",
"Purchase requests/orders, suppliers, goods receipt, inventory","طلبات/أوامر الشراء والموردين واستلام البضائع والمخزون",
"Quick service POS, loyalty programs, pastry production tracking, morning shift management, takeaway orders","نقطة بيع خدمة سريعة وبرامج ولاء وتتبع إنتاج المعجنات وإدارة الوردية الصباحية وطلبات السفري",
"Real-time revenue by hour, day, week. Top-selling items. Payment method breakdown.","الإيرادات لحظياً بالساعة واليوم والأسبوع. الأصناف الأكثر مبيعاً. تفصيل طرق الدفع.",
"Reservations come from the website or can be created manually. Each reservation has: guest name, date/time, party size, table assignment, and special notes.","الحجوزات تأتي من الموقع أو تُنشأ يدوياً. كل حجز فيه: اسم الضيف، التاريخ/الوقت، عدد الأفراد، الطاولة، وملاحظات خاصة.",
"Review sentiment, order frequency, popular delivery zones, promo code usage.","توجهات التقييمات وتكرار الطلبات ومناطق التوصيل الشائعة واستخدام الأكواد الترويجية.",
"Room-charge integration, banquet event management, multi-outlet operations, corporate account billing","تكامل رسوم الغرف وإدارة فعاليات القاعات وعمليات متعددة المنافذ وفوترة حسابات الشركات",
"Sales analysis, food cost reports, reservation analytics, staff performance","تحليل المبيعات وتقارير تكلفة الطعام وتحليلات الحجوزات وأداء الموظفين",
"Sales reports, food cost analysis, inventory tracking, marketing ROI","تقارير المبيعات وتحليل تكلفة الطعام وتتبع المخزون وعائد التسويق",
"See all tables at /deladmin/tables. Green = available, amber = occupied, red = reserved.","شاهد جميع الطاولات في /deladmin/tables. أخضر = متاح، عنبري = مشغول، أحمر = محجوز.",
"Set restaurant name, address, opening hours, and currency in Candela Settings","حدد اسم المطعم والعنوان وساعات العمل والعملة في إعدادات كانديلا",
"Set up warehouses, suppliers, kitchen stations, and delivery zones","أعدّ المستودعات والموردين ومحطات المطبخ ومناطق التوصيل",
"Shift coverage, POS sales per cashier, kitchen throughput, overtime tracking.","تغطية الورديات ومبيعات نقطة البيع لكل كاشير وإنتاجية المطبخ وتتبع العمل الإضافي.",
"Stations organize your kitchen (e.g., Grill, Pasta, Dessert). Orders are routed to the correct station based on item configuration.","المحطات تنظم مطبخك (مثل: الشواية، الباستا، الحلويات). الطلبات تُوجَّه للمحطة الصحيحة حسب إعدادات الصنف.",
"Stock entries track all inventory movements: receipts from suppliers, production consumption, transfers between warehouses, and adjustments.","حركات المخزون تتبع جميع حركات المخزون: الاستلام من الموردين واستهلاك الإنتاج والتحويلات بين المستودعات والتعديلات.",
"Table map, POS, reservations, customer notes","خريطة الطاولات ونقطة البيع والحجوزات وملاحظات العملاء",
"Table reservations, multi-course menu management, wine pairing notes, premium customer experience tracking, event hosting","حجوزات الطاولات وإدارة قوائم متعددة الأطباق وملاحظات مزج النبيذ وتتبع تجربة العملاء المميزة واستضافة الفعاليات",
"Table status map — available, occupied, reserved","خريطة حالة الطاولات — متاحة، مشغولة، محجوزة",
"The daily closing report summarizes: total POS sales, online order revenue, cash collected, expenses, and discrepancies. Auto-generated or created manually.","تقرير الإقفال اليومي يلخص: إجمالي مبيعات نقطة البيع وإيرادات الطلبات الإلكترونية والنقد المُحصَّل والمصروفات والفروقات. يُنشأ تلقائياً أو يدوياً.",
"This is where you configure your restaurant's basic information: name, address, phone, opening hours, currency, and brand colors. Changes here affect the public website and all internal screens.","هنا تهيئ المعلومات الأساسية للمطعم: الاسم والعنوان والهاتف وساعات العمل والعملة وألوان العلامة التجارية. التغييرات هنا تؤثر على الموقع وجميع الشاشات الداخلية.",
"This will add demo menu items, gallery photos, events, and reviews. Continue?","سيتم إضافة أصناف قائمة تجريبية وصور معرض وفعاليات وتقييمات. متابعة؟",
"Track ingredients, create purchase requests, receive goods, do stock counts","تتبع المكونات وأنشئ طلبات الشراء واستلم البضائع وقم بالجرد",
"When confirmed, orders are sent to the kitchen display. Ingredients are deducted from stock automatically.","عند التأكيد، تُرسل الطلبات لشاشة المطبخ. تُخصم المكونات من المخزون تلقائياً.",
"When ingredients run low, create a purchase request directly from the kitchen.","عندما ينخفض المخزون، أنشئ طلب شراء مباشرة من المطبخ.",
"⚠️ Low stock: {0} — needed {1} {2}, available {3}","⚠️ مخزون منخفض: {0} — مطلوب {1} {2}، متوفر {3}",
Candle,شمعة,
"Price changes are logged automatically. You can view the price history in the Price History tab.","يتم تسجيل تغييرات الأسعار تلقائياً. يمكنك عرض سجل الأسعار في تبويب سجل الأسعار.",
"Price changes are logged automatically. You can view the price history in the Price Change Log doctype.","يتم تسجيل تغييرات الأسعار تلقائياً. يمكنك عرض سجل الأسعار في مستند سجل تغيير الأسعار.",
